{"cameraMode":{"drawMode":0,"name":"Shaded","section":"Shading Mode"},"sceneLighting":true,"audioPlay":false,"sceneViewState":{"showFog":true,"showMaterialUpdate":true,"showSkybox":true,"showFlares":true,"showImageEffects":true,"showParticleSystems":true},"in2DMode":false,"pivot":{"x":-57.03963851928711,"y":41.69083023071289,"z":-98.3796157836914},"rotation":{"x":-0.034157149493694308,"y":0.7060694098472595,"z":-0.03413638100028038,"w":-0.7064940929412842},"size":122.7749252319336,"orthographic":false}